{
  "best_params": {
    "w_slo_n": 0.02287553225542807,
    "w_acc_n": 0.4238218614447072,
    "slo_penalty_target_n": 0.744526418152742
  },
  "best_score": 0.060390033766524194
}