{
  "best_params": {
    "w_slo_n": 0.02916527156263959,
    "w_acc_n": 6.406487281370658,
    "slo_penalty_target_n": 0.31572562068526544
  },
  "best_score": 66.9304857827869
}