{
  "best_params": {
    "w_slo_n": 0.13479483920369079,
    "w_acc_n": 1.6078290980148708,
    "slo_penalty_target_n": 2.7307927646939025
  },
  "best_score": 0.4298130565107272
}